,City,Cloudiness,Date,Country,Humidity,Lat,Lon,Max Temp,Wind MPH
0,butaritari,0,1594997303,KI,76,3.07,172.79,82.92199999999997,6.3
1,beloha,18,1594997430,MG,72,-25.17,45.05,63.698000000000036,3.04
2,mataura,0,1594997296,NZ,97,-46.19,168.86,29.065999999999974,0.84
3,westport,90,1594997430,US,83,41.14,-73.36,71.59999999999997,5.1
4,bluff,37,1594997297,NZ,90,-46.6,168.33,36.644000000000005,2.45
5,busselton,91,1594997295,AU,73,-33.65,115.33,44.99599999999998,3.43
6,mount gambier,91,1594997298,AU,81,-37.83,140.77,46.39999999999998,6.2
7,kirkland lake,20,1594997430,CA,73,48.14,-80.04,71.59999999999997,3.1
8,kapaa,90,1594997303,US,88,22.08,-159.32,78.80000000000001,3.1
9,denizli,20,1594997431,TR,27,37.84,29.07,89.59999999999997,5.7
10,hobart,66,1594997061,AU,93,-42.88,147.33,39.99199999999996,2.1
11,dikson,38,1594997308,RU,95,73.51,80.55,41.648000000000025,4.43
12,jamestown,75,1594997241,US,73,42.1,-79.24,75.00200000000001,5.7
13,atuona,5,1594997301,PF,76,-9.8,-139.03,78.78199999999998,6.48
14,castro marim,0,1594997431,PT,45,37.22,-7.44,91.00399999999996,4.6
15,ovsyanka,40,1594997431,RU,62,55.96,92.55,58.99999999999994,2.0
16,port-cartier,75,1594997431,CA,68,50.03,-66.87,66.19999999999999,4.6
17,barrow,90,1594997296,US,80,71.29,-156.79,33.799999999999955,6.2
18,bredasdorp,0,1594997297,ZA,29,-34.53,20.04,76.99999999999994,1.5
19,rikitea,100,1594997295,PF,81,-23.12,-134.97,73.18399999999991,3.32
20,punta arenas,90,1594997225,CL,100,-53.15,-70.92,26.599999999999966,1.0
21,bakchar,0,1594997431,RU,72,57.02,82.07,62.617999999999995,2.03
22,nakhon thai,74,1594997431,TH,86,17.1,100.84,77.43199999999996,0.79
23,ushuaia,0,1594997129,AR,86,-54.8,-68.3,26.599999999999966,2.6
24,ostersund,100,1594997432,SE,49,63.18,14.64,69.80000000000001,4.1
25,fairbanks,90,1594997432,US,100,64.84,-147.72,55.39999999999992,1.5
26,vaini,75,1594997298,TO,94,-21.2,-175.2,73.39999999999992,2.1
27,victoria,0,1594997295,HK,74,22.29,114.16,85.99999999999994,4.02
28,kodiak,90,1594997320,US,87,57.79,-152.41,55.39999999999992,2.1
29,georgetown,20,1594997297,MY,100,5.41,100.34,84.19999999999999,3.6
30,bathsheba,40,1594997328,BB,66,13.22,-59.52,87.80000000000001,7.7
31,longyearbyen,20,1594997305,SJ,81,78.22,15.64,49.99999999999994,2.1
32,albany,93,1594997296,US,77,42.6,-73.97,73.99399999999997,3.12
33,tiksi,100,1594997301,RU,75,71.69,128.87,44.06,8.62
34,bukachacha,35,1594997432,RU,91,52.98,116.92,57.811999999999955,1.06
35,bambous virieux,75,1594997303,MU,78,-20.34,57.76,71.59999999999997,5.1
36,clarence town,75,1594997310,AU,100,-32.58,151.78,53.995999999999924,3.6
37,port keats,0,1594997433,AU,39,-14.25,129.55,69.22399999999999,2.49
38,gorey,92,1594997433,IE,83,52.67,-6.29,66.00200000000001,5.07
39,roma,90,1594997045,US,83,43.21,-75.46,71.99599999999992,5.27
40,vestmannaeyjar,40,1594997314,IS,70,63.44,-20.27,48.19999999999999,9.3
41,goderich,0,1594997119,CA,84,43.75,-81.72,75.99200000000002,3.76
42,airai,43,1594997297,TL,100,-8.93,125.41,57.50600000000003,1.31
43,coquimbo,75,1594997331,CL,87,-29.95,-71.34,49.99999999999994,2.6
44,beeville,75,1594997433,US,84,28.4,-97.75,85.99999999999994,4.1
45,chengde,100,1594997375,CN,89,40.97,117.94,68.97200000000004,0.51
46,dingle,70,1594997312,PH,79,11.0,122.67,78.47600000000006,2.33
47,hermanus,0,1594997294,ZA,47,-34.42,19.23,71.00600000000003,0.45
48,yellowknife,75,1594997124,CA,72,62.46,-114.35,62.995999999999924,1.5
49,winnemucca,1,1594997220,US,29,40.97,-117.74,62.599999999999966,1.5
50,pochutla,75,1594997433,MX,69,15.74,-96.47,78.80000000000001,0.43
51,tasiilaq,5,1594997306,GL,57,65.61,-37.64,57.19999999999999,3.1
52,lekoni,92,1594997434,GA,52,-1.58,14.26,83.786,3.18
53,wajir,100,1594997434,KE,30,1.75,40.06,86.23399999999987,9.08
54,tuktoyaktuk,75,1594997297,CA,87,69.45,-133.04,46.39999999999998,4.1
55,thompson,40,1594997299,CA,77,55.74,-97.86,62.599999999999966,2.1
56,san rafael,9,1594997434,AR,41,-34.62,-68.33,56.13799999999998,5.62
57,rio gallegos,90,1594997182,AR,100,-51.62,-69.22,19.399999999999977,0.5
58,ngunguru,97,1594997404,NZ,3,-35.62,174.5,60.00799999999998,2.68
59,krasnoselkup,77,1594997434,RU,60,65.7,82.47,59.44999999999999,4.69
60,olot,40,1594997434,ES,65,42.18,2.49,80.00600000000003,6.2
61,port alfred,0,1594997295,ZA,40,-33.59,26.89,67.45999999999998,5.19
62,san patricio,90,1594997339,MX,94,19.22,-104.7,76.99999999999994,1.33
63,matagami,75,1594997251,CA,72,49.75,-77.63,67.99999999999994,4.1
64,luba,40,1594997435,GQ,88,3.46,8.55,80.59999999999997,3.1
65,ancud,90,1594997325,CL,93,-41.87,-73.82,49.99999999999994,4.6
66,saskylakh,100,1594997315,RU,89,71.92,114.08,51.49400000000003,5.09
67,vila velha,20,1594997105,BR,64,-20.33,-40.29,75.99200000000002,1.5
68,sao filipe,99,1594997304,CV,76,14.9,-24.5,76.22600000000006,4.27
69,nhamunda,73,1594997435,BR,58,-2.19,-56.71,88.46599999999995,2.66
70,hambantota,75,1594997312,LK,74,6.12,81.12,84.19999999999999,2.6
71,verkh-usugli,63,1594997435,RU,84,52.7,115.17,54.55399999999992,1.51
72,husavik,75,1594997412,IS,93,66.04,-17.34,48.19999999999999,15.4
73,port elizabeth,0,1594997305,ZA,32,-33.92,25.57,67.406,0.98
74,luderitz,0,1594997330,NA,15,-26.65,15.16,80.59999999999997,3.1
75,new norfolk,85,1594997306,AU,90,-42.78,147.06,37.00399999999996,1.28
76,thinadhoo,100,1594997435,MV,74,0.53,72.93,84.344,4.23
77,ribeira grande,75,1594997309,PT,60,38.52,-28.7,75.19999999999999,5.1
78,lompoc,90,1594997202,US,82,34.64,-120.46,58.99999999999994,1.5
79,hilo,90,1594997296,US,88,19.73,-155.09,73.39999999999992,2.6
80,lagoa,34,1594997330,PT,75,39.05,-27.98,69.90799999999996,5.33
81,kayerkan,40,1594997311,RU,71,69.35,87.76,51.799999999999955,8.0
82,zhangjiakou,100,1594997436,CN,90,40.81,114.88,63.44599999999997,2.57
83,deputatskiy,15,1594997405,RU,92,69.3,139.9,35.54599999999999,2.44
84,lebu,96,1594997306,CL,89,-37.62,-73.65,53.276000000000124,8.36
85,khatanga,100,1594997318,RU,91,71.97,102.5,40.47800000000001,7.0
86,cayenne,75,1594997340,GF,55,4.93,-52.33,89.59999999999997,4.1
87,solvychegodsk,1,1594997436,RU,73,61.33,46.92,69.85399999999998,2.17
88,cape town,0,1594996998,ZA,23,-33.93,18.42,76.99999999999994,6.2
89,pisco,90,1594997310,PE,77,-13.7,-76.22,62.995999999999924,1.0
90,raudeberg,75,1594997298,NO,87,61.99,5.14,58.99999999999994,5.7
91,vila franca do campo,75,1594997302,PT,69,37.72,-25.43,73.39999999999992,4.1
92,ambilobe,96,1594997436,MG,63,-13.2,49.05,74.73199999999991,0.95
93,puri,75,1594997437,IN,79,19.8,85.85,85.99999999999994,4.1
94,provideniya,95,1594997307,RU,81,64.38,-173.3,52.75399999999996,0.68
95,te anau,0,1594997320,NZ,94,-45.42,167.72,31.315999999999974,0.42
96,pauini,0,1594997331,BR,40,-7.71,-66.98,91.70599999999996,0.85
97,haimen,31,1594997437,CN,74,23.19,116.61,85.99999999999994,4.0
98,broken hill,2,1594997331,AU,57,-31.95,141.43,46.39999999999998,4.6
99,sambava,99,1594997398,MG,86,-14.27,50.17,69.72800000000001,7.99
100,pombas,75,1594997437,CV,58,17.15,-25.02,82.39999999999992,7.7
101,teguise,20,1594997398,ES,83,29.06,-13.56,76.99999999999994,4.1
102,baghdad,0,1594997437,IQ,12,33.34,44.4,112.99999999999994,6.7
103,nanortalik,0,1594997306,GL,51,60.14,-45.24,49.47800000000001,5.52
104,grand gaube,9,1594997320,MU,74,-20.01,57.66,69.00799999999998,1.79
105,pandan,100,1594997437,PH,75,14.05,124.17,82.81400000000002,3.53
106,shingu,100,1594997314,JP,94,33.73,135.98,71.95999999999998,1.83
107,saint george,1,1594997087,US,30,37.1,-113.58,85.99999999999994,3.1
108,hargeysa,98,1594997438,SO,45,9.56,44.06,78.69199999999995,8.25
109,clyde river,75,1594997314,CA,87,70.47,-68.59,42.799999999999955,7.2
110,alice springs,0,1594997312,AU,38,-23.7,133.88,42.799999999999955,1.5
111,palanga,17,1594997438,LT,53,55.92,21.07,73.39999999999992,3.6
112,guilin,20,1594997363,CN,94,25.28,110.29,80.59999999999997,1.0
113,namatanai,98,1594997297,PG,78,-3.67,152.43,79.46599999999995,0.66
114,puerto ayora,95,1594997296,EC,86,-0.74,-90.35,71.00600000000003,1.34
115,moussoro,100,1594997438,TD,46,13.64,16.49,85.98199999999991,2.87
116,east london,0,1594997300,ZA,43,-33.02,27.91,69.80000000000001,2.6
117,beidao,27,1594997407,CN,71,34.57,105.89,71.14999999999992,1.44
118,lata,0,1594997438,PT,23,40.16,-8.33,105.00799999999998,2.24
119,luanda,5,1594997232,AO,69,-8.84,13.23,78.80000000000001,5.7
120,catio,100,1594997438,GW,94,11.28,-15.25,74.13799999999998,7.18
121,lorengau,13,1594997315,PG,71,-2.02,147.27,82.52600000000012,3.07
122,narsaq,40,1594997300,GL,33,60.92,-46.05,64.39999999999992,2.6
123,balikpapan,9,1594997379,ID,89,-1.27,116.83,77.21599999999995,1.53
124,katsuura,75,1594997295,JP,100,35.13,140.3,69.00799999999998,0.5
125,cherskiy,100,1594997300,RU,85,68.75,161.3,41.918000000000006,5.1
126,port-gentil,40,1594997340,GA,69,-0.72,8.78,82.39999999999992,5.75
127,atherton,100,1594997332,GB,60,53.52,-2.49,73.99399999999997,2.68
128,faanui,10,1594997299,PF,78,-16.48,-151.75,77.23399999999987,3.84
129,acapulco,20,1594997057,MX,78,16.86,-99.89,78.80000000000001,3.6
130,wichita falls,1,1594997162,US,58,33.91,-98.49,87.00799999999998,4.1
131,antofagasta,75,1594997199,CL,76,-23.65,-70.4,57.19999999999999,3.6
132,kirkwall,20,1594997439,GB,59,58.98,-2.96,60.80000000000001,7.7
133,nelson bay,75,1594997439,AU,100,-32.72,152.15,53.995999999999924,3.6
134,chokurdakh,3,1594997294,RU,77,70.63,147.92,40.38799999999998,3.47
135,taltal,10,1594997341,CL,53,-25.4,-70.48,63.06800000000004,2.05
136,cidreira,38,1594997268,BR,84,-30.18,-50.21,61.916,1.61
137,namibe,7,1594997412,AO,28,-15.2,12.15,82.56199999999995,5.29
138,fare,1,1594997439,PF,76,-16.7,-151.02,77.84599999999995,3.55
139,vardo,89,1594997439,NO,82,70.37,31.11,55.39999999999992,6.2
140,honiara,52,1594997313,SB,80,-9.43,159.95,78.18799999999993,1.5
141,povenets,76,1594997439,RU,51,62.85,34.83,65.4260000000001,4.52
142,kaitangata,0,1594997044,NZ,81,-46.28,169.85,40.99999999999994,1.34
143,alofi,63,1594997233,NU,83,-19.06,-169.92,73.39999999999992,2.6
144,cabedelo,75,1594997440,BR,74,-6.98,-34.83,82.39999999999992,5.7
145,iqaluit,90,1594997321,CA,93,63.75,-68.51,49.99999999999994,1.5
146,emerald,0,1594997422,AU,42,-23.53,148.17,48.19999999999999,4.1
147,aklavik,75,1594997324,CA,87,68.22,-135.01,53.599999999999966,2.1
148,hirado,100,1594997440,JP,82,33.36,129.55,75.00200000000001,2.24
149,wilmington,40,1594997225,US,70,34.23,-77.94,89.00600000000003,2.1
150,hasaki,75,1594997307,JP,93,35.73,140.83,66.19999999999999,2.6
151,sur,95,1594997295,OM,63,22.57,59.53,88.62799999999999,5.96
152,ixtapa,90,1594997299,MX,94,20.7,-105.2,73.99399999999997,1.5
153,george town,20,1594997297,MY,100,5.41,100.34,84.19999999999999,3.6
154,buala,100,1594997315,SB,79,-8.14,159.59,79.80799999999994,1.48
155,tifton,1,1594997441,US,70,31.45,-83.51,87.99799999999999,3.1
156,torbay,90,1594997322,CA,100,47.67,-52.73,53.00600000000003,8.2
157,petropavl,63,1594997441,KZ,67,54.88,69.16,77.68399999999991,2.4
158,kavieng,87,1594997304,PG,73,-2.57,150.8,82.238,2.03
159,williston,97,1594997441,US,61,48.15,-103.62,75.99200000000002,1.34
160,prado,93,1594997441,BR,64,-17.34,-39.22,74.73199999999991,4.38
161,salalah,75,1594997368,OM,83,17.02,54.09,84.19999999999999,3.6
162,talnakh,40,1594997334,RU,71,69.49,88.4,51.799999999999955,8.0
163,poli,20,1594997441,TZ,56,-3.33,36.8,75.19999999999999,3.1
164,umm kaddadah,29,1594997441,SD,31,13.6,26.69,92.642,4.51
165,itarema,22,1594997442,BR,50,-2.92,-39.92,86.46800000000002,5.59
166,santa maria,75,1594997442,BR,87,-29.68,-53.81,55.39999999999992,5.1
167,dalvik,75,1594997442,IS,93,65.97,-18.53,48.19999999999999,15.4
168,chuy,60,1594997309,UY,83,-33.7,-53.46,58.928000000000054,5.04
169,kahului,1,1594997307,US,69,20.89,-156.47,75.19999999999999,1.5
170,saint-philippe,90,1594997304,RE,68,-21.36,55.77,71.59999999999997,8.2
171,proletariy,0,1594997442,RU,43,58.43,31.7,72.08600000000007,3.68
172,valparaiso,90,1594997396,CL,100,-33.04,-71.63,49.99999999999994,5.1
173,glendive,1,1594997442,US,56,47.11,-104.71,75.00200000000001,2.6
174,san quintin,23,1594997312,MX,80,30.48,-115.95,68.3239999999999,3.05
175,codrington,100,1594997341,AU,75,-38.27,141.97,46.47199999999998,6.2
176,mar del plata,35,1594997085,AR,81,-38.0,-57.56,51.99799999999999,3.6
177,omboue,100,1594997420,GA,82,-1.57,9.26,75.79400000000004,4.6
178,semporna,20,1594997443,MY,94,4.48,118.61,76.99999999999994,1.5
179,kota kinabalu,20,1594997443,MY,94,5.97,116.07,78.80000000000001,2.6
180,adrar,0,1594997334,MR,16,20.5,-10.07,104.3239999999999,1.81
181,bengkulu,89,1594997106,ID,87,-3.8,102.27,77.57600000000008,1.75
182,bintulu,20,1594997443,MY,94,3.17,113.03,80.59999999999997,1.5
183,tan an,75,1594997443,VN,79,10.53,106.42,84.19999999999999,2.1
184,saint albans,0,1594997243,GB,44,51.75,-0.33,82.00399999999996,5.1
185,jalingo,100,1594997443,NG,71,8.88,11.37,82.12999999999994,3.12
186,tombouctou,0,1594997443,ML,14,20.0,-3.0,107.13199999999989,2.53
187,aquidauana,1,1594997322,BR,24,-20.47,-55.79,90.33800000000002,2.24
188,fortuna,90,1594997310,US,100,40.6,-124.16,55.99399999999997,1.87
189,ilulissat,5,1594997294,GL,55,69.22,-51.1,51.799999999999955,3.6
190,kokkola,73,1594997444,FI,56,63.84,23.13,73.39999999999992,3.6
191,turukhansk,86,1594997340,RU,74,65.82,87.98,54.06800000000004,4.97
192,avarua,7,1594997299,CK,77,-21.21,-159.78,66.19999999999999,1.5
193,mwinilunga,0,1594997444,ZM,29,-11.74,24.43,70.32199999999995,5.03
194,manadhoo,100,1594997444,MV,70,5.77,73.38,83.83999999999997,2.6
195,tilichiki,100,1594997327,RU,100,60.47,166.1,50.01799999999997,1.23
196,cabo san lucas,0,1594997311,MX,65,22.89,-109.91,85.99999999999994,0.45
197,bull savanna,0,1594997335,JM,60,17.89,-77.59,83.91199999999998,3.28
198,lagos,75,1594996985,NG,78,6.58,3.75,80.59999999999997,1.5
199,skelleftea,93,1594997444,SE,56,64.75,20.95,73.39999999999992,6.2
200,kant,68,1594997444,IN,50,27.8,79.8,94.74799999999999,2.28
201,sangar,91,1594997444,RU,75,63.92,127.47,65.33600000000007,0.96
202,kyabram,28,1594997445,AU,76,-36.32,145.05,39.99199999999996,2.11
203,yar-sale,75,1594997331,RU,61,66.83,70.83,58.71199999999993,4.54
204,isangel,5,1594997295,VU,82,-19.55,169.27,70.86199999999991,3.12
205,brae,20,1594997445,GB,76,60.4,-1.35,57.19999999999999,6.2
206,galbshtadt,97,1594997445,RU,67,53.23,78.98,76.92800000000005,4.61
207,tuatapere,30,1594997300,NZ,88,-46.13,167.68,35.00600000000003,1.33
208,castro,53,1594997301,BR,58,-24.79,-50.01,70.46599999999995,1.15
209,takoradi,90,1594997310,GH,79,4.88,-1.76,77.82800000000003,5.43
210,upernavik,5,1594997308,GL,66,72.79,-56.15,46.07600000000008,1.19
211,nome,90,1594997308,US,87,64.5,-165.41,55.39999999999992,2.6
212,pemangkat,100,1594997445,ID,83,1.17,108.97,79.08800000000002,0.86
213,whitehorse,75,1594997259,CA,76,60.72,-135.05,51.799999999999955,2.6
214,stykkisholmur,100,1594997445,IS,77,65.08,-22.73,45.30200000000002,10.16
215,hamilton,1,1594997045,US,74,39.18,-84.53,82.99399999999997,1.5
216,sulangan,96,1594997446,PH,73,11.14,123.72,85.118,6.26
217,polyarnyy,69,1594997446,RU,49,69.2,33.45,71.59999999999997,2.0
218,sandviken,74,1594997446,SE,33,60.62,16.77,80.99599999999992,2.24
219,khor,46,1594997446,RU,93,47.89,134.95,69.85399999999998,1.57
220,kapit,94,1594997446,MY,94,2.02,112.93,75.73999999999995,0.35
221,taoudenni,8,1594997326,ML,10,22.68,-3.98,114.53000000000003,4.71
222,hithadhoo,99,1594997310,MV,76,-0.6,73.08,83.94800000000004,5.09
223,jagtial,99,1594997446,IN,85,18.8,78.93,79.59199999999993,3.05
224,richards bay,0,1594997446,ZA,58,-28.78,32.04,63.37399999999997,2.88
225,olafsvik,90,1594997326,IS,81,64.89,-23.71,45.464,15.12
226,kruisfontein,0,1594997301,ZA,28,-34.0,24.73,64.34599999999995,1.92
227,bay city,1,1594997348,US,61,43.59,-83.89,78.00799999999998,3.6
228,saldanha,0,1594997335,ZA,31,-33.01,17.94,73.39999999999992,6.2
229,talara,40,1594997329,PE,82,-4.58,-81.27,64.39999999999992,11.8
230,carnarvon,0,1594997305,AU,67,-24.87,113.63,58.99999999999994,6.7
231,bilibino,15,1594997325,RU,86,68.05,166.44,46.59800000000001,2.44
232,san cristobal,75,1594997276,VE,58,7.77,-72.22,82.39999999999992,10.8
233,taksimo,100,1594997447,RU,68,56.34,114.88,56.49799999999999,1.26
234,rocha,0,1594997186,UY,76,-34.48,-54.33,59.738,5.66
235,ahuimanu,40,1594997211,US,78,21.44,-157.84,76.99999999999994,1.5
236,esperance,75,1594997295,AU,100,-33.87,121.9,48.19999999999999,5.1
237,almaznyy,40,1594997447,RU,88,48.04,40.05,66.19999999999999,3.0
238,narasannapeta,40,1594997222,IN,83,18.42,84.05,82.65199999999999,6.05
239,qaanaaq,99,1594997298,GL,60,77.48,-69.36,45.122000000000014,4.42
240,leh,38,1594997327,IN,25,34.17,77.58,68.98999999999995,3.0
241,dalbandin,34,1594997447,PK,14,28.89,64.41,96.94400000000002,2.19
242,zhezkazgan,98,1594997336,KZ,11,47.8,67.71,94.99999999999994,5.0
243,la ronge,90,1594997448,CA,93,55.1,-105.28,57.19999999999999,3.6
244,nyurba,51,1594997448,RU,70,63.28,118.33,59.52199999999999,1.36
245,vostok,58,1594997312,RU,94,46.49,135.88,62.74399999999997,1.51
246,geraldton,75,1594997298,AU,81,-28.77,114.6,51.799999999999955,2.6
247,zhigansk,100,1594997340,RU,94,66.77,123.37,55.43599999999998,3.03
248,labuhan,78,1594997448,ID,84,-6.88,112.21,78.20599999999996,4.0
249,coro,24,1594997448,VE,56,11.4,-69.67,87.81800000000004,6.36
250,chicama,1,1594997333,PE,61,-7.84,-79.15,69.56599999999997,3.74
251,suicheng,100,1594997448,CN,78,33.9,117.93,66.00200000000001,4.41
252,leningradskiy,0,1594997328,RU,88,69.38,178.42,37.75999999999999,5.43
253,bethel,90,1594997308,US,94,41.37,-73.41,67.99999999999994,3.82
254,lanigan,100,1594997449,CA,75,51.85,-105.03,65.26399999999995,2.66
255,mangaratiba,20,1594997449,BR,69,-22.96,-44.04,75.19999999999999,5.7
256,lasa,75,1594997302,IT,55,46.62,10.7,75.00200000000001,3.6
257,vigrestad,100,1594997449,NO,99,58.57,5.7,58.99999999999994,2.24
258,bam,0,1594997449,IR,15,29.11,58.36,94.53199999999998,4.89
259,tecpan,20,1594997449,GT,64,14.76,-90.99,69.80000000000001,6.2
260,tigil,100,1594997449,RU,89,57.8,158.67,53.40199999999999,3.29
261,pevek,81,1594997316,RU,93,69.7,170.31,40.891999999999996,1.2
262,palmer,90,1594997450,US,88,42.16,-72.33,66.99200000000002,2.1
263,ulladulla,90,1594997332,AU,81,-35.35,150.47,51.799999999999955,2.1
264,sorland,75,1594997330,NO,100,67.67,12.69,55.39999999999992,7.7
265,hofn,75,1594997309,IS,54,64.25,-15.21,57.19999999999999,11.3
266,vaitape,10,1594997319,PF,76,-16.52,-151.75,78.02600000000012,3.76
267,half moon bay,90,1594997406,US,87,37.46,-122.43,62.995999999999924,5.1
268,arraial do cabo,20,1594997257,BR,64,-22.97,-42.03,75.19999999999999,7.2
269,mezen,52,1594997450,RU,61,65.85,44.24,65.82199999999995,3.74
270,kurilsk,14,1594997450,RU,91,45.23,147.88,53.47399999999999,2.8
271,portland,75,1594997247,US,77,45.52,-122.68,66.00200000000001,4.6
272,teloloapan,5,1594997450,MX,70,18.35,-99.85,75.99200000000002,0.44
273,noumea,0,1594997030,NC,82,-22.28,166.46,58.99999999999994,1.0
274,kismayo,93,1594997451,SO,72,-0.36,42.55,77.43199999999996,12.49
275,bowen,0,1594997451,AU,93,-20.02,148.23,53.00600000000003,1.5
276,kidal,15,1594997451,ML,19,18.44,1.41,102.23600000000005,1.66
277,emba,33,1594997451,KZ,14,48.83,58.14,94.45999999999998,3.87
278,nicholasville,90,1594997173,US,78,37.88,-84.57,80.00600000000003,2.1
279,maracacume,46,1594997393,BR,62,-2.04,-45.96,85.58600000000007,2.16
280,trifesti,89,1594997451,RO,46,47.45,27.52,82.00399999999996,0.89
281,nemuro,59,1594997334,JP,94,43.32,145.57,58.56800000000004,4.03
282,kamaishi,100,1594997324,JP,89,39.27,141.88,64.88600000000002,0.98
283,weligama,93,1594997323,LK,83,5.97,80.42,80.14999999999992,4.25
284,kralendijk,40,1594997451,BQ,66,12.15,-68.27,87.80000000000001,8.7
285,aasiaat,0,1594997451,GL,65,68.71,-52.87,42.70999999999998,6.38
286,margate,42,1594997306,GB,61,51.38,1.39,78.00799999999998,1.34
287,luancheng,85,1594997421,CN,65,37.88,114.65,76.99999999999994,2.0
288,vengerovo,1,1594997452,RU,81,55.68,76.75,76.02800000000008,2.48
289,rosarito,90,1594997452,MX,88,32.33,-117.03,67.99999999999994,2.6
290,keti bandar,1,1594997452,PK,77,24.14,67.45,88.60999999999996,4.21
291,nikolskoye,0,1594997296,RU,33,59.7,30.79,73.39999999999992,6.0
292,cururupu,7,1594997304,BR,75,-1.83,-44.87,82.67000000000002,2.58
293,poya,0,1594997452,NC,67,-21.35,165.15,61.970000000000084,0.71
294,praya,20,1594997101,CV,48,14.92,-23.51,85.99999999999994,7.2
295,santa lucia,20,1594997452,ES,69,27.91,-15.54,84.99200000000002,11.3
296,morehead,75,1594997452,US,100,37.27,-87.18,82.39999999999992,1.5
297,lipnita,40,1594997452,RO,27,44.1,27.6,89.99599999999992,2.1
298,avare,0,1594997453,BR,54,-23.1,-48.93,75.16400000000004,0.95
299,moranbah,0,1594997453,AU,52,-22.0,148.05,48.32600000000008,2.94
300,nagato,20,1594997453,JP,83,34.38,131.2,73.39999999999992,2.1
301,hualmay,64,1594997414,PE,70,-11.1,-77.61,63.13999999999993,3.12
302,nizwa,91,1594997453,OM,42,22.93,57.53,89.45599999999996,4.05
303,mezhdurechensk,0,1594997453,RU,86,53.69,88.06,63.33800000000002,1.03
304,tabou,53,1594997338,CI,71,4.42,-7.35,78.53000000000003,4.49
305,usinsk,100,1594997338,RU,96,65.99,57.53,61.26799999999997,2.42
306,san jose,20,1594997409,US,87,37.34,-121.89,62.00600000000003,4.1
307,villa carlos paz,0,1594997453,AR,41,-31.42,-64.5,60.99799999999999,6.7
308,guerrero negro,0,1594997338,MX,71,27.98,-114.06,71.40199999999999,4.92
309,wairoa,100,1594997454,NZ,90,-39.03,177.37,53.00600000000003,2.68
310,santiago del estero,0,1594997454,AR,54,-27.8,-64.26,65.93,3.81
311,comodoro rivadavia,90,1594997453,AR,93,-45.87,-67.5,44.599999999999966,5.1
312,chaihe,4,1594997454,CN,72,44.77,129.7,69.9260000000001,1.36
313,wasilla,40,1594997454,US,71,61.58,-149.44,55.39999999999992,2.6
314,pokosnoye,3,1594997454,RU,83,55.53,101.05,49.42399999999992,3.09
315,nuuk,20,1594997454,GL,44,64.18,-51.72,58.99999999999994,5.7
316,nova olinda do norte,82,1594997455,BR,75,-3.89,-59.09,85.262,1.74
317,frutal,0,1594997455,BR,32,-20.02,-48.94,83.55199999999996,3.44
318,plettenberg bay,0,1594997302,ZA,30,-34.05,23.37,69.06199999999995,1.34
319,karratha,0,1594997275,AU,83,-20.74,116.85,67.964,2.13
320,coihaique,90,1594997330,CL,86,-45.58,-72.07,31.999999999999943,0.43
321,ghatampur,54,1594997455,IN,49,26.17,80.17,95.18,1.94
322,mahebourg,75,1594997307,MU,78,-20.41,57.7,71.59999999999997,5.1
323,padang,32,1594997324,ID,79,-0.95,100.35,79.89799999999997,1.65
324,urucara,58,1594997455,BR,61,-2.54,-57.76,87.80000000000001,2.2
325,dukat,9,1594997455,RU,92,62.55,155.55,41.68399999999991,1.14
326,monster,0,1594997455,NL,69,52.03,4.17,73.99399999999997,2.68
327,laguna,1,1594997305,US,82,38.42,-121.42,62.995999999999924,2.6
328,bahia honda,82,1594997456,CU,66,22.9,-83.16,85.02800000000008,5.73
329,constitucion,100,1594997301,CL,91,-35.33,-72.42,53.88799999999998,11.51
330,sayyan,37,1594997407,YE,55,15.17,44.32,65.94800000000004,3.97
331,klimovo,41,1594997456,RU,64,52.38,32.19,71.87000000000006,2.51
332,srednekolymsk,100,1594997299,RU,95,67.45,153.68,45.644000000000005,2.66
333,beira,75,1594997456,MZ,64,-19.84,34.84,71.59999999999997,7.7
334,moncao,0,1594997456,PT,28,42.08,-8.48,96.80000000000001,1.5
335,aksarka,99,1594997456,RU,65,66.56,67.8,61.627999999999986,4.06
336,amga,15,1594997456,RU,70,60.9,131.96,66.03799999999995,1.27
337,tessalit,0,1594997315,ML,8,20.2,1.01,107.54599999999999,2.82
338,nanfeng,81,1594997457,CN,80,23.74,111.8,81.77000000000004,1.48
339,suntar,100,1594997457,RU,78,62.14,117.63,58.02800000000008,2.63
340,aripuana,0,1594997306,BR,33,-9.17,-60.63,92.10200000000003,1.36
341,lakes entrance,8,1594997330,AU,97,-37.88,147.98,40.99999999999994,3.97
342,ayan,100,1594997457,RU,96,56.45,138.17,51.872000000000014,1.35
343,hami,0,1594997411,CN,18,42.8,93.45,84.72200000000004,2.53
344,arnedo,20,1594997457,ES,38,42.22,-2.1,76.99999999999994,4.1
345,inirida,79,1594997307,CO,89,3.87,-67.92,78.9260000000001,0.59
346,campobasso,100,1594997457,IT,86,41.63,14.58,66.99200000000002,0.45
347,barra,0,1594997409,BR,39,-11.09,-43.14,83.30000000000001,3.27
348,kyaikkami,100,1594997458,MM,84,16.08,97.57,81.66199999999998,3.08
349,soyaux,91,1594997458,FR,42,45.65,0.2,82.00399999999996,4.1
350,eyl,100,1594997323,SO,40,7.98,49.82,89.09599999999995,10.32
351,vanimo,98,1594997309,PG,79,-2.67,141.3,79.214,0.87
352,xuddur,100,1594997458,SO,47,4.12,43.89,80.59999999999997,10.52
353,tura,79,1594997299,IN,87,25.52,90.22,77.97200000000004,1.83
354,bella union,100,1594997458,UY,89,-30.28,-57.6,56.786,3.7
355,kalmunai,79,1594997458,LK,77,7.42,81.82,83.24599999999992,1.46
356,aykhal,75,1594997458,RU,71,66.0,111.5,57.19999999999999,2.0
357,norman wells,20,1594997300,CA,87,65.28,-126.83,58.99999999999994,0.45
358,dubai,0,1594996928,AE,34,25.26,55.3,105.80000000000001,4.6
359,pathein,100,1594997298,MM,90,16.78,94.73,79.86199999999991,2.21
360,urazovka,30,1594997459,RU,76,55.4,45.62,66.82999999999998,3.71
361,mossendjo,100,1594997459,CG,72,-2.95,12.73,74.74999999999994,2.14
362,haines junction,100,1594997459,CA,72,60.75,-137.51,52.141999999999996,2.28
363,meulaboh,100,1594997310,ID,92,4.14,96.13,74.858,3.66
364,lazaro cardenas,90,1594997162,MX,74,17.96,-102.2,81.71599999999995,3.29
365,broome,96,1594997321,US,96,42.25,-75.83,76.99999999999994,0.45
366,canico,20,1594997459,PT,69,32.63,-16.85,76.99999999999994,3.6
367,kuito,0,1594997459,AO,26,-12.38,16.93,69.80000000000001,5.7
368,sorong,88,1594997336,ID,84,-0.88,131.25,78.47600000000006,2.59
369,general roca,100,1594997459,AR,81,-39.03,-67.58,46.39999999999998,1.0
370,toila,0,1594997459,EE,60,59.42,27.5,68.70200000000006,3.57
371,angren,71,1594997459,UZ,28,41.02,70.14,80.51000000000005,0.5
372,touros,75,1594997308,BR,74,-5.2,-35.46,80.59999999999997,4.1
373,lukovetskiy,90,1594997460,RU,93,64.3,41.92,57.19999999999999,2.0
374,lethem,76,1594997460,GY,61,3.38,-59.8,86.79199999999997,1.55
375,skibbereen,75,1594997299,IE,77,51.55,-9.27,64.39999999999992,7.7
376,pirgos,0,1594997460,GR,30,35.12,25.72,87.00799999999998,8.49
377,yulara,0,1594997320,AU,33,-25.24,130.99,42.799999999999955,1.5
378,luena,0,1594997460,AO,43,-11.78,19.92,71.59999999999997,5.1
379,batagay-alyta,100,1594997303,RU,94,67.8,130.41,48.398000000000025,1.39
380,ranong,48,1594997460,TH,73,9.97,98.63,80.72600000000006,0.54
381,lumberton,1,1594997460,US,70,34.62,-79.01,85.99999999999994,2.1
382,praia da vitoria,75,1594997316,PT,83,38.73,-27.07,69.80000000000001,5.37
383,cap-chat,100,1594997357,CA,54,49.1,-66.68,67.69400000000002,2.23
384,ornskoldsvik,97,1594997461,SE,49,63.29,18.72,71.59999999999997,6.2
385,harper,45,1594997461,LR,66,4.38,-7.72,79.916,4.24
386,krefeld,75,1594997461,DE,68,51.33,6.57,73.99399999999997,3.1
387,praia,20,1594997260,CV,48,14.92,-23.51,85.99999999999994,7.2
388,sovetskaya gavan,100,1594997461,RU,97,48.97,140.29,62.52800000000008,1.25
389,havoysund,100,1594997335,NO,87,71.0,24.66,71.59999999999997,2.1
390,wamba,63,1594997462,NG,70,8.93,8.6,81.75200000000001,2.05
391,morondava,42,1594997322,MG,43,-20.28,44.28,78.07999999999998,5.47
392,santa isabel,90,1594997408,BR,87,-23.32,-46.22,62.599999999999966,3.6
393,kang,0,1594997462,BW,22,-23.68,22.79,67.37000000000006,3.76
394,flinders,24,1594997307,AU,73,-34.58,150.86,55.99399999999997,1.79
395,uvinza,97,1594997462,TZ,29,-5.1,30.39,78.99799999999999,1.19
396,manakara,62,1594997462,MG,78,-22.13,48.02,65.83999999999997,3.9
397,vanavara,96,1594997326,RU,87,60.34,102.28,50.702,3.87
398,giehun,95,1594997462,SL,86,7.88,-11.05,77.27000000000004,0.95
399,tiassale,63,1594997463,CI,48,5.9,-4.83,87.58399999999989,2.09
400,oruro,0,1594997225,BO,39,-17.98,-67.15,44.599999999999966,2.1
401,kaeo,100,1594997339,NZ,3,-35.1,173.78,60.00799999999998,2.68
402,ostrovnoy,0,1594997315,RU,45,68.05,39.51,60.60200000000003,3.32
403,fuling,65,1594997463,CN,91,29.7,107.39,75.84800000000001,0.65
404,bubaque,100,1594997332,GW,91,11.28,-15.83,76.7659999999999,12.5
405,bridgewater,79,1594997463,CA,74,44.38,-64.52,67.99999999999994,0.45
406,port lincoln,100,1594997305,AU,47,-34.73,135.87,58.45999999999998,7.23
407,wewak,100,1594997463,PG,77,-3.55,143.63,80.20400000000001,2.04
408,turkistan,0,1594997463,KZ,18,43.0,68.0,92.35399999999998,4.46
409,shelburne,20,1594997326,CA,65,44.08,-80.2,76.99999999999994,2.1
410,makakilo city,1,1594997182,US,83,21.35,-158.09,76.99999999999994,1.5
411,zunyi,100,1594997175,CN,95,27.69,106.91,72.21199999999993,1.56
412,okmulgee,1,1594997464,US,74,35.62,-95.96,84.19999999999999,3.1
413,maarianhamina,96,1594997464,AX,60,60.1,19.93,71.59999999999997,7.2
414,mehamn,100,1594997332,NO,87,71.04,27.85,53.599999999999966,2.1
415,cassilandia,0,1594997464,BR,31,-19.11,-51.73,84.88399999999984,3.85
416,zlobin,30,1594997414,HR,36,45.29,14.65,78.80000000000001,3.1
417,bandarbeyla,100,1594997322,SO,42,9.49,50.81,88.41199999999998,12.38
418,helong,0,1594997339,CN,84,42.54,129.0,65.93,1.17
419,chegdomyn,18,1594997464,RU,84,51.12,133.02,66.02000000000004,1.56
420,casian,0,1594997464,PH,68,11.04,119.71,84.37999999999994,1.79
421,kandi,81,1594997465,BJ,57,11.13,2.94,86.39600000000002,1.97
422,alyangula,1,1594997465,AU,87,-13.85,136.42,60.80000000000001,2.9
423,flic en flac,75,1594997465,MU,78,-20.27,57.36,71.59999999999997,5.1
424,san carlos,22,1594997233,VE,76,9.66,-68.58,82.00399999999996,1.75
425,hangu,20,1594997465,CN,65,39.25,117.79,80.59999999999997,1.0
426,kilrush,90,1594997177,IE,93,52.64,-9.48,62.599999999999966,7.2
427,ouadda,77,1594997465,CF,87,8.08,22.4,76.51399999999995,1.88
428,gigmoto,100,1594997465,PH,76,13.78,124.39,82.11199999999991,2.6
429,mount isa,37,1594997333,AU,34,-20.73,139.5,48.19999999999999,2.1
430,conakry,75,1594997465,GN,78,9.54,-13.68,82.39999999999992,5.1
431,qingquan,100,1594997466,CN,92,30.45,115.26,80.99599999999992,2.35
432,guayaramerin,0,1594997466,BO,62,-10.84,-65.36,85.99999999999994,2.6
433,maningrida,24,1594997466,AU,75,-12.07,134.27,67.45999999999998,3.54
434,slonim,86,1594997466,BY,73,53.09,25.32,71.85200000000003,2.57
435,zheleznodorozhnyy,75,1594997466,RU,63,55.75,38.0,66.19999999999999,3.0
436,matara,95,1594997343,LK,82,5.95,80.54,80.29400000000004,4.79
437,arman,96,1594997415,RU,94,59.7,150.17,49.78399999999988,0.63
438,souillac,75,1594997299,MU,78,-20.52,57.52,71.59999999999997,5.1
439,imbituba,13,1594997466,BR,72,-28.24,-48.67,67.99999999999994,2.1
440,fort saint james,0,1594997466,CA,65,54.43,-124.25,55.45400000000001,2.85
441,tamandare,31,1594997305,BR,78,-8.76,-35.1,78.58399999999989,5.93
442,sungaipenuh,74,1594997466,ID,94,-2.08,101.38,65.17399999999992,0.81
443,les cayes,14,1594997467,HT,68,18.2,-73.75,84.82999999999998,5.7
444,sestri levante,0,1594997467,IT,77,44.27,9.4,78.99799999999999,1.21
445,qeshm,3,1594997467,IR,47,26.96,56.27,102.19999999999999,2.1
446,gawler,70,1594997467,AU,58,-34.6,138.73,58.99999999999994,3.13
447,longonjo,29,1594997467,AO,30,-12.91,15.25,71.59999999999997,4.1
448,sao joao da barra,20,1594997332,BR,57,-21.64,-41.05,76.99999999999994,6.7
449,seoul,1,1594997206,KR,69,37.57,126.98,78.80000000000001,1.75
450,chapais,75,1594997303,CA,83,49.78,-74.85,69.80000000000001,1.5
451,giyani,0,1594997467,ZA,28,-23.3,30.72,66.30799999999994,2.36
452,nata,20,1594997467,PA,68,8.33,-80.52,84.19999999999999,4.1
453,putina,0,1594997467,PE,51,-15.47,-69.43,47.33600000000001,1.5
454,marzuq,73,1594997403,YE,28,14.4,46.47,91.95799999999991,6.45
455,road town,40,1594997326,VG,62,18.42,-64.62,87.80000000000001,4.6
456,yarim,65,1594997468,YE,65,14.3,44.38,63.37399999999997,4.6
457,alaca,3,1594997468,TR,58,40.17,34.84,73.43599999999998,6.0
458,kloulklubed,75,1594997310,PW,88,7.04,134.26,78.80000000000001,3.24
459,pakhtakoron,100,1594997468,TJ,23,40.16,68.75,91.48999999999995,6.54
460,beyneu,0,1594997468,KZ,9,45.32,55.2,103.04599999999999,1.79
461,cabano,74,1594997468,PH,78,10.59,122.7,81.48199999999991,2.42
462,santa rosa,64,1594997468,PH,74,14.31,121.11,85.99999999999994,2.6
463,puerto narino,75,1594997468,CO,88,-3.77,-70.38,80.59999999999997,1.0
464,saint-augustin,100,1594997313,CA,32,51.23,-58.65,75.30799999999994,3.47
465,kanniyakumari,100,1594997468,IN,68,8.08,77.57,82.20200000000006,6.34
466,port blair,100,1594997332,IN,81,11.67,92.75,80.65399999999994,3.61
467,shetpe,21,1594997469,KZ,18,44.17,52.12,96.62000000000006,7.26
468,saint anthony,1,1594997469,US,69,45.02,-93.22,80.99599999999992,2.6
469,sabirabad,0,1594997469,AZ,34,40.01,48.48,93.19999999999999,6.2
470,pangoa,37,1594997469,PE,58,-12.12,-73.0,80.78000000000003,1.06
471,stephenville,1,1594997358,US,58,32.22,-98.2,85.99999999999994,1.5
472,le vauclin,75,1594997469,MQ,70,14.55,-60.84,85.99999999999994,6.2
473,hare bay,20,1594997469,CA,34,48.85,-54.01,64.39999999999992,7.7
474,santa cruz de la palma,44,1594997469,ES,69,28.68,-17.76,76.99999999999994,6.2
475,beirut,20,1594997264,LB,61,33.89,35.49,82.39999999999992,4.6
476,komsomolskiy,100,1594997334,UZ,24,40.43,71.72,89.59999999999997,6.2
477,petropavlovsk-kamchatskiy,90,1594997318,RU,100,53.05,158.65,53.599999999999966,1.0
478,gorontalo,13,1594997470,ID,89,0.54,123.06,75.52399999999994,1.1
479,quelimane,86,1594997470,MZ,77,-17.88,36.89,67.85600000000005,4.38
480,fontanka,20,1594997470,UA,25,46.56,30.86,84.19999999999999,3.0
481,beringovskiy,87,1594997470,RU,87,63.05,179.32,49.72999999999996,0.96
482,knyaze-volkonskoye,100,1594997470,RU,88,48.46,135.46,69.80000000000001,2.6
483,maba,91,1594997470,CN,75,24.68,113.6,81.37399999999997,1.85
484,dong xoai,79,1594997453,VN,92,11.53,106.92,76.71199999999993,1.76
485,murmashi,71,1594997470,RU,49,68.82,32.81,71.59999999999997,2.0
486,muli,100,1594997471,MV,70,2.92,73.57,84.19999999999999,2.09
487,kargasok,4,1594997471,RU,71,59.06,80.86,61.78999999999991,1.77
488,challapata,0,1594997471,BO,31,-18.9,-66.77,52.178000000000054,2.37
489,yatou,79,1594997272,CN,92,37.15,122.38,67.31599999999997,3.62
490,asau,47,1594997312,RO,65,46.43,26.4,73.99399999999997,1.14
491,domoni,30,1594997471,KM,72,-12.26,44.53,75.10999999999996,6.46
492,kasongo-lunda,10,1594997471,CD,15,-6.47,16.82,95.30599999999998,1.52
493,ponta do sol,3,1594997306,PT,63,32.67,-17.1,76.99999999999994,0.8
494,farafangana,70,1594997471,MG,78,-22.82,47.83,66.23600000000005,4.18
495,quartucciu,58,1594997471,IT,35,39.25,9.18,85.99999999999994,8.7
496,mogadishu,40,1594997471,SO,61,2.04,45.34,80.59999999999997,8.7
497,aksu,100,1594997471,CN,25,41.12,80.26,88.17800000000005,0.61
498,south sioux city,1,1594997472,US,88,42.47,-96.41,80.00600000000003,3.6
499,taybad,0,1594997472,IR,20,34.74,60.78,88.358,9.25
500,rio cuarto,42,1594997472,AR,46,-33.13,-64.35,58.99999999999994,9.3
501,abu zabad,25,1594997472,SD,43,12.35,29.25,89.06,4.7
502,teluk nibung,54,1594997472,ID,84,3.0,99.82,77.68399999999991,0.69
503,nalut,63,1594997417,LY,10,30.33,10.85,106.97000000000008,8.72
504,odweyne,81,1594997472,SO,41,9.41,45.06,81.49999999999994,9.5
505,marawi,100,1594997305,PH,88,8.0,124.29,75.00200000000001,2.24
506,terralba,20,1594997472,IT,48,39.72,8.64,85.99999999999994,8.2
507,timberlake,20,1594997472,US,66,37.32,-79.26,87.00799999999998,2.1
508,freeport,90,1594997357,US,83,40.66,-73.58,73.39999999999992,3.6
509,badacsonytomaj,75,1594997473,HU,49,46.81,17.51,71.59999999999997,2.6
510,kitaibaraki,100,1594997473,JP,81,36.78,140.75,69.99799999999999,2.36
511,kieta,69,1594997473,PG,74,-6.22,155.63,78.96199999999993,2.05
512,zholymbet,100,1594997473,KZ,51,51.74,71.71,79.82600000000008,5.18
513,poian,11,1594997473,RO,53,46.07,26.15,73.99399999999997,2.54
514,shieli,23,1594997473,KZ,22,44.17,66.75,89.13199999999989,3.13
515,itoman,75,1594997337,JP,88,26.12,127.67,82.39999999999992,3.1
516,baturaja,1,1594997473,ID,95,-4.13,104.17,73.92199999999997,1.0
517,port pirie,47,1594997473,AU,54,-33.18,138.02,53.599999999999966,4.1
518,young,4,1594997473,UY,89,-32.68,-57.63,49.99999999999994,1.79
519,avera,40,1594997343,US,66,33.19,-82.53,85.99999999999994,2.1
520,eureka,7,1594997473,US,94,40.8,-124.16,55.99399999999997,1.43
521,murchison,28,1594997473,NZ,82,-41.8,172.33,38.02999999999997,0.99
522,nikel,95,1594997474,RU,49,69.41,30.22,71.59999999999997,4.6
523,lac du bonnet,0,1594997474,CA,99,50.25,-96.06,73.99399999999997,1.79
524,ostrow wielkopolski,39,1594997474,PL,49,51.66,17.81,73.99399999999997,3.02
525,paamiut,3,1594997324,GL,65,61.99,-49.67,47.587999999999965,5.42
526,ruidoso,1,1594997176,US,33,33.33,-105.67,73.39999999999992,2.6
527,ivrea,0,1594997474,IT,51,45.47,7.88,84.00200000000001,1.92
528,tahta,0,1594997474,EG,14,26.77,31.5,99.392,8.35
529,ossora,94,1594997418,RU,94,59.24,163.07,53.276000000000124,0.62
530,sirjan,73,1594997474,IR,24,29.45,55.68,84.72200000000004,1.78
531,gombe,100,1594997474,NG,68,10.29,11.17,80.18599999999998,3.11
